-- phpMyAdmin SQL Dump
-- version 4.8.5
-- https://www.phpmyadmin.net/
--
-- Host: 127.0.0.1
-- Generation Time: Nov 30, 2019 at 10:35 AM
-- Server version: 10.1.40-MariaDB
-- PHP Version: 7.3.5

SET SQL_MODE = "NO_AUTO_VALUE_ON_ZERO";
SET AUTOCOMMIT = 0;
START TRANSACTION;
SET time_zone = "+00:00";


/*!40101 SET @OLD_CHARACTER_SET_CLIENT=@@CHARACTER_SET_CLIENT */;
/*!40101 SET @OLD_CHARACTER_SET_RESULTS=@@CHARACTER_SET_RESULTS */;
/*!40101 SET @OLD_COLLATION_CONNECTION=@@COLLATION_CONNECTION */;
/*!40101 SET NAMES utf8mb4 */;

--
-- Database: `inventaris`
--

-- --------------------------------------------------------

--
-- Table structure for table `data_inv`
--

CREATE TABLE `data_inv` (
  `kode_inv` varchar(50) NOT NULL,
  `jenis` varchar(50) NOT NULL,
  `kode_fakultas` varchar(6) NOT NULL,
  `barang` varchar(50) NOT NULL,
  `kondisi` varchar(30) NOT NULL
) ENGINE=InnoDB DEFAULT CHARSET=latin1;

--
-- Dumping data for table `data_inv`
--

INSERT INTO `data_inv` (`kode_inv`, `jenis`, `kode_fakultas`, `barang`, `kondisi`) VALUES
('INV-COM-001', 'KOMPUTER', 'FK006', 'KOMPUTER TU', 'PERLU PERBAIKAN'),
('INV-COM-002', 'KOMPUTER', 'FK007', 'KOMPUTER TU', 'PERLU PERBAIKAN'),
('INV-COM-003', 'KOMPUTER', 'FK007', 'KOMPUTER TU', 'BAIK'),
('INV-COM-004', 'KOMPUTER', 'FK001', 'KOMPUTER TU', 'PERLU PERBAIKAN'),
('INV-COM-005', 'KOMPUTER', 'FK002', 'KOMPUTER TU', 'BAIK'),
('INV-COM-006', 'KOMPUTER', 'FK004', 'KOMPUTER TU', 'BARU'),
('INV-COM-007', 'KOMPUTER', 'FK007', 'KOMPUTER TU', 'BARU'),
('INV-COM-008', 'KOMPUTER', 'FK001', 'KOMPUTER TU', 'PERLU PERBAIKAN'),
('INV-COM-009', 'KOMPUTER', 'FK005', 'KOMPUTER TU', 'BAIK'),
('INV-COM-010', 'KOMPUTER', 'FK003', 'KOMPUTER TU', 'PERLU PERBAIKAN'),
('INV-COM-011', 'KOMPUTER', 'FK006', 'KOMPUTER TU', 'BARU'),
('INV-COM-012', 'KOMPUTER', 'FK003', 'KOMPUTER TU', 'BARU'),
('INV-COM-013', 'KOMPUTER', 'FK007', 'KOMPUTER TU', 'BAIK'),
('INV-COM-014', 'KOMPUTER', 'FK005', 'KOMPUTER TU', 'PERLU PERBAIKAN'),
('INV-COM-015', 'KOMPUTER', 'FK006', 'KOMPUTER TU', 'BARU'),
('INV-COM-016', 'KOMPUTER', 'FK001', 'KOMPUTER LAB', 'PERLU PERBAIKAN'),
('INV-COM-017', 'KOMPUTER', 'FK007', 'KOMPUTER LAB', 'BARU'),
('INV-COM-018', 'KOMPUTER', 'FK003', 'KOMPUTER LAB', 'PERLU PERBAIKAN'),
('INV-COM-019', 'KOMPUTER', 'FK006', 'KOMPUTER LAB', 'BARU'),
('INV-COM-020', 'KOMPUTER', 'FK007', 'KOMPUTER LAB', 'PERLU PERBAIKAN'),
('INV-COM-021', 'KOMPUTER', 'FK002', 'KOMPUTER LAB', 'BARU'),
('INV-COM-022', 'KOMPUTER', 'FK001', 'KOMPUTER LAB', 'BARU'),
('INV-COM-023', 'KOMPUTER', 'FK003', 'KOMPUTER LAB', 'BARU'),
('INV-COM-024', 'KOMPUTER', 'FK005', 'KOMPUTER LAB', 'BARU'),
('INV-COM-025', 'KOMPUTER', 'FK001', 'KOMPUTER LAB', 'BAIK'),
('INV-COM-026', 'KOMPUTER', 'FK001', 'KOMPUTER LAB', 'BAIK'),
('INV-COM-027', 'KOMPUTER', 'FK005', 'KOMPUTER LAB', 'BAIK'),
('INV-COM-028', 'KOMPUTER', 'FK002', 'KOMPUTER LAB', 'PERLU PERBAIKAN'),
('INV-COM-029', 'KOMPUTER', 'FK007', 'KOMPUTER LAB', 'BARU'),
('INV-COM-030', 'KOMPUTER', 'FK005', 'KOMPUTER LAB', 'BARU'),
('INV-COM-031', 'KOMPUTER', 'FK005', 'KOMPUTER LAB', 'PERLU PERBAIKAN'),
('INV-COM-032', 'KOMPUTER', 'FK004', 'KOMPUTER LAB', 'PERLU PERBAIKAN'),
('INV-COM-033', 'KOMPUTER', 'FK003', 'KOMPUTER LAB', 'BAIK'),
('INV-COM-034', 'KOMPUTER', 'FK003', 'KOMPUTER LAB', 'BARU'),
('INV-COM-035', 'KOMPUTER', 'FK005', 'KOMPUTER LAB', 'PERLU PERBAIKAN'),
('INV-COM-036', 'KOMPUTER', 'FK002', 'KOMPUTER LAB', 'BAIK'),
('INV-COM-037', 'KOMPUTER', 'FK003', 'KOMPUTER LAB', 'PERLU PERBAIKAN'),
('INV-COM-038', 'KOMPUTER', 'FK003', 'KOMPUTER LAB', 'PERLU PERBAIKAN'),
('INV-COM-039', 'KOMPUTER', 'FK005', 'KOMPUTER LAB', 'PERLU PERBAIKAN'),
('INV-COM-040', 'KOMPUTER', 'FK004', 'KOMPUTER LAB', 'BAIK'),
('INV-COM-041', 'KOMPUTER', 'FK003', 'KOMPUTER LAB', 'BAIK'),
('INV-COM-042', 'KOMPUTER', 'FK005', 'KOMPUTER LAB', 'PERLU PERBAIKAN'),
('INV-COM-043', 'KOMPUTER', 'FK005', 'KOMPUTER LAB', 'BAIK'),
('INV-COM-044', 'KOMPUTER', 'FK004', 'KOMPUTER LAB', 'BARU'),
('INV-COM-045', 'KOMPUTER', 'FK003', 'KOMPUTER LAB', 'BARU'),
('INV-COM-046', 'KOMPUTER', 'FK003', 'KOMPUTER LAB', 'BARU'),
('INV-COM-047', 'KOMPUTER', 'FK004', 'KOMPUTER LAB', 'PERLU PERBAIKAN'),
('INV-COM-048', 'KOMPUTER', 'FK002', 'KOMPUTER LAB', 'BAIK'),
('INV-COM-049', 'KOMPUTER', 'FK004', 'KOMPUTER LAB', 'BAIK'),
('INV-COM-050', 'KOMPUTER', 'FK004', 'KOMPUTER LAB', 'BARU'),
('INV-COM-051', 'KOMPUTER', 'FK004', 'LAPTOP', 'PERLU PERBAIKAN'),
('INV-COM-052', 'KOMPUTER', 'FK001', 'LAPTOP', 'BARU'),
('INV-COM-053', 'KOMPUTER', 'FK002', 'LAPTOP', 'BAIK'),
('INV-COM-054', 'KOMPUTER', 'FK002', 'LAPTOP', 'BARU'),
('INV-COM-055', 'KOMPUTER', 'FK001', 'LAPTOP', 'PERLU PERBAIKAN'),
('INV-COM-056', 'KOMPUTER', 'FK007', 'LAPTOP', 'BAIK'),
('INV-COM-057', 'KOMPUTER', 'FK006', 'LAPTOP', 'BAIK'),
('INV-COM-058', 'KOMPUTER', 'FK003', 'LAPTOP', 'BAIK'),
('INV-COM-059', 'KOMPUTER', 'FK006', 'LAPTOP', 'BARU'),
('INV-COM-060', 'KOMPUTER', 'FK001', 'LAPTOP', 'BARU'),
('INV-COM-061', 'KOMPUTER', 'FK006', 'LAPTOP', 'PERLU PERBAIKAN'),
('INV-COM-062', 'KOMPUTER', 'FK002', 'LAPTOP', 'BARU'),
('INV-COM-063', 'KOMPUTER', 'FK003', 'LAPTOP', 'BAIK'),
('INV-COM-064', 'KOMPUTER', 'FK001', 'LAPTOP', 'BAIK'),
('INV-COM-065', 'KOMPUTER', 'FK002', 'LAPTOP', 'BARU'),
('INV-COM-066', 'KOMPUTER', 'FK001', 'LAPTOP', 'BAIK'),
('INV-COM-067', 'KOMPUTER', 'FK001', 'LAPTOP', 'BAIK'),
('INV-COM-068', 'KOMPUTER', 'FK006', 'LAPTOP', 'PERLU PERBAIKAN'),
('INV-COM-069', 'KOMPUTER', 'FK001', 'LAPTOP', 'BARU'),
('INV-COM-070', 'KOMPUTER', 'FK007', 'LAPTOP', 'BAIK'),
('INV-COM-071', 'KOMPUTER', 'FK006', 'LAPTOP', 'PERLU PERBAIKAN'),
('INV-COM-072', 'KOMPUTER', 'FK001', 'LAPTOP', 'BAIK'),
('INV-COM-073', 'KOMPUTER', 'FK004', 'LAPTOP', 'PERLU PERBAIKAN'),
('INV-COM-074', 'KOMPUTER', 'FK001', 'LAPTOP', 'PERLU PERBAIKAN'),
('INV-COM-075', 'KOMPUTER', 'FK004', 'LAPTOP', 'BAIK'),
('INV-COM-076', 'KOMPUTER', 'FK007', 'LAPTOP', 'BARU'),
('INV-COM-077', 'KOMPUTER', 'FK007', 'LAPTOP', 'BAIK'),
('INV-COM-078', 'KOMPUTER', 'FK007', 'LAPTOP', 'BAIK'),
('INV-COM-079', 'KOMPUTER', 'FK001', 'LAPTOP', 'BARU'),
('INV-KENDARAAN-001', 'KENDARAAN', 'FK001', 'MOTOR', 'BARU'),
('INV-KENDARAAN-002', 'KENDARAAN', 'FK005', 'MOTOR', 'BARU'),
('INV-KENDARAAN-003', 'KENDARAAN', 'FK004', 'MOTOR', 'BAIK'),
('INV-KENDARAAN-004', 'KENDARAAN', 'FK003', 'MOTOR', 'BAIK'),
('INV-KENDARAAN-005', 'KENDARAAN', 'FK006', 'MOTOR', 'BAIK'),
('INV-KENDARAAN-006', 'KENDARAAN', 'FK001', 'MOTOR', 'BARU'),
('INV-KENDARAAN-007', 'KENDARAAN', 'FK003', 'MOBIL', 'BARU'),
('INV-KENDARAAN-008', 'KENDARAAN', 'FK006', 'MOBIL', 'PERLU PERBAIKAN'),
('INV-KENDARAAN-009', 'KENDARAAN', 'FK006', 'MOBIL', 'PERLU PERBAIKAN'),
('INV-KENDARAAN-010', 'KENDARAAN', 'FK002', 'MOBIL', 'BARU'),
('INV-KENDARAAN-011', 'KENDARAAN', 'FK001', 'MOBIL', 'BAIK'),
('INV-KENDARAAN-012', 'KENDARAAN', 'FK001', 'MOBIL', 'BAIK'),
('INV-LCD-001', 'LCD', 'FK007', 'LCD KELAS', 'BAIK'),
('INV-LCD-002', 'LCD', 'FK001', 'LCD KELAS', 'PERLU PERBAIKAN'),
('INV-LCD-003', 'LCD', 'FK002', 'LCD KELAS', 'BAIK'),
('INV-LCD-004', 'LCD', 'FK007', 'LCD KELAS', 'PERLU PERBAIKAN'),
('INV-LCD-005', 'LCD', 'FK005', 'LCD KELAS', 'BAIK'),
('INV-LCD-006', 'LCD', 'FK005', 'LCD KELAS', 'PERLU PERBAIKAN'),
('INV-LCD-007', 'LCD', 'FK006', 'LCD KELAS', 'BAIK'),
('INV-LCD-008', 'LCD', 'FK007', 'LCD KELAS', 'BAIK'),
('INV-LCD-009', 'LCD', 'FK007', 'LCD KELAS', 'BAIK'),
('INV-LCD-010', 'LCD', 'FK004', 'LCD KELAS', 'PERLU PERBAIKAN'),
('INV-LCD-011', 'LCD', 'FK006', 'LCD KELAS', 'BARU'),
('INV-LCD-012', 'LCD', 'FK001', 'LCD KELAS', 'BARU'),
('INV-LCD-013', 'LCD', 'FK006', 'LCD KELAS', 'BAIK'),
('INV-LCD-014', 'LCD', 'FK001', 'LCD KELAS', 'BAIK'),
('INV-LCD-015', 'LCD', 'FK005', 'LCD KELAS', 'BAIK'),
('INV-LCD-016', 'LCD', 'FK003', 'LCD KELAS', 'BAIK'),
('INV-LCD-017', 'LCD', 'FK007', 'LCD KELAS', 'BAIK'),
('INV-LCD-018', 'LCD', 'FK002', 'LCD KELAS', 'BAIK'),
('INV-LCD-019', 'LCD', 'FK005', 'LCD KELAS', 'BARU'),
('INV-LCD-020', 'LCD', 'FK006', 'LCD KELAS', 'PERLU PERBAIKAN'),
('INV-LCD-021', 'LCD', 'FK001', 'LCD KELAS', 'PERLU PERBAIKAN'),
('INV-LCD-022', 'LCD', 'FK006', 'LCD KELAS', 'PERLU PERBAIKAN'),
('INV-LCD-023', 'LCD', 'FK006', 'LCD KELAS', 'BAIK'),
('INV-LCD-024', 'LCD', 'FK002', 'LCD KELAS', 'BAIK'),
('INV-LCD-025', 'LCD', 'FK007', 'LCD KELAS', 'BARU'),
('INV-LCD-026', 'LCD', 'FK003', 'LCD KELAS', 'BAIK'),
('INV-LCD-027', 'LCD', 'FK004', 'LCD KELAS', 'PERLU PERBAIKAN'),
('INV-LCD-028', 'LCD', 'FK005', 'LCD KELAS', 'BARU'),
('INV-LCD-029', 'LCD', 'FK003', 'LCD KELAS', 'BAIK'),
('INV-LCD-030', 'LCD', 'FK001', 'LCD PORTABLE', 'BAIK'),
('INV-LCD-031', 'LCD', 'FK007', 'LCD PORTABLE', 'BARU'),
('INV-LCD-032', 'LCD', 'FK007', 'LCD PORTABLE', 'BARU'),
('INV-LCD-033', 'LCD', 'FK001', 'LCD PORTABLE', 'BARU'),
('INV-LCD-034', 'LCD', 'FK007', 'LCD PORTABLE', 'BAIK'),
('INV-LCD-035', 'LCD', 'FK002', 'LCD PORTABLE', 'BARU'),
('INV-LCD-036', 'LCD', 'FK007', 'LCD PORTABLE', 'BAIK'),
('INV-LCD-037', 'LCD', 'FK003', 'LCD PORTABLE', 'PERLU PERBAIKAN'),
('INV-LCD-038', 'LCD', 'FK004', 'LCD PORTABLE', 'BARU'),
('INV-LCD-039', 'LCD', 'FK006', 'LCD PORTABLE', 'BAIK'),
('INV-MEJA-001', 'MEJA', 'FK003', 'MEJA DOSEN', 'PERLU PERBAIKAN'),
('INV-MEJA-002', 'MEJA', 'FK006', 'MEJA DOSEN', 'BARU'),
('INV-MEJA-003', 'MEJA', 'FK004', 'MEJA DOSEN', 'BAIK'),
('INV-MEJA-004', 'MEJA', 'FK002', 'MEJA DOSEN', 'BARU'),
('INV-MEJA-005', 'MEJA', 'FK001', 'MEJA DOSEN', 'PERLU PERBAIKAN'),
('INV-MEJA-006', 'MEJA', 'FK003', 'MEJA DOSEN', 'PERLU PERBAIKAN'),
('INV-MEJA-007', 'MEJA', 'FK001', 'MEJA DOSEN', 'PERLU PERBAIKAN'),
('INV-MEJA-008', 'MEJA', 'FK004', 'MEJA DOSEN', 'PERLU PERBAIKAN'),
('INV-MEJA-009', 'MEJA', 'FK004', 'MEJA DOSEN', 'BAIK'),
('INV-MEJA-010', 'MEJA', 'FK006', 'MEJA DOSEN', 'BAIK'),
('INV-MEJA-011', 'MEJA', 'FK006', 'MEJA DOSEN', 'BAIK'),
('INV-MEJA-012', 'MEJA', 'FK005', 'MEJA DOSEN', 'BARU'),
('INV-MEJA-013', 'MEJA', 'FK004', 'MEJA DOSEN', 'PERLU PERBAIKAN'),
('INV-MEJA-014', 'MEJA', 'FK002', 'MEJA DOSEN', 'BARU'),
('INV-MEJA-015', 'MEJA', 'FK005', 'MEJA DOSEN', 'PERLU PERBAIKAN'),
('INV-MEJA-016', 'MEJA', 'FK005', 'MEJA DOSEN', 'PERLU PERBAIKAN'),
('INV-MEJA-017', 'MEJA', 'FK002', 'MEJA DOSEN', 'BARU'),
('INV-MEJA-018', 'MEJA', 'FK005', 'MEJA DOSEN', 'BARU'),
('INV-MEJA-019', 'MEJA', 'FK002', 'MEJA DOSEN', 'PERLU PERBAIKAN'),
('INV-MEJA-020', 'MEJA', 'FK001', 'MEJA DOSEN', 'BAIK'),
('INV-MEJA-021', 'MEJA', 'FK004', 'MEJA DOSEN', 'BARU'),
('INV-MEJA-022', 'MEJA', 'FK006', 'MEJA DOSEN', 'PERLU PERBAIKAN'),
('INV-MEJA-023', 'MEJA', 'FK002', 'MEJA DOSEN', 'BAIK'),
('INV-MEJA-024', 'MEJA', 'FK007', 'MEJA DOSEN', 'BARU'),
('INV-MEJA-025', 'MEJA', 'FK002', 'MEJA KELAS', 'PERLU PERBAIKAN'),
('INV-MEJA-026', 'MEJA', 'FK001', 'MEJA KELAS', 'PERLU PERBAIKAN'),
('INV-MEJA-027', 'MEJA', 'FK005', 'MEJA KELAS', 'PERLU PERBAIKAN'),
('INV-MEJA-028', 'MEJA', 'FK007', 'MEJA KELAS', 'BAIK'),
('INV-MEJA-029', 'MEJA', 'FK002', 'MEJA KELAS', 'PERLU PERBAIKAN'),
('INV-MEJA-030', 'MEJA', 'FK001', 'MEJA KELAS', 'BAIK'),
('INV-MEJA-031', 'MEJA', 'FK006', 'MEJA KELAS', 'BARU'),
('INV-MEJA-032', 'MEJA', 'FK002', 'MEJA KELAS', 'BAIK'),
('INV-MEJA-033', 'MEJA', 'FK001', 'MEJA KELAS', 'PERLU PERBAIKAN'),
('INV-MEJA-034', 'MEJA', 'FK003', 'MEJA KELAS', 'BARU'),
('INV-MEJA-035', 'MEJA', 'FK003', 'MEJA KELAS', 'BAIK'),
('INV-MEJA-036', 'MEJA', 'FK005', 'MEJA KELAS', 'BAIK'),
('INV-MEJA-037', 'MEJA', 'FK007', 'MEJA KELAS', 'PERLU PERBAIKAN'),
('INV-MEJA-038', 'MEJA', 'FK003', 'MEJA KELAS', 'BAIK'),
('INV-MEJA-039', 'MEJA', 'FK007', 'MEJA KELAS', 'PERLU PERBAIKAN'),
('INV-MEJA-040', 'MEJA', 'FK004', 'MEJA KELAS', 'BARU'),
('INV-MEJA-041', 'MEJA', 'FK007', 'MEJA KELAS', 'PERLU PERBAIKAN'),
('INV-MEJA-042', 'MEJA', 'FK004', 'MEJA KELAS', 'PERLU PERBAIKAN'),
('INV-MEJA-043', 'MEJA', 'FK002', 'MEJA KELAS', 'BARU'),
('INV-MEJA-044', 'MEJA', 'FK006', 'MEJA KELAS', 'BARU'),
('INV-MEJA-045', 'MEJA', 'FK004', 'MEJA KELAS', 'BAIK'),
('INV-MEJA-046', 'MEJA', 'FK002', 'MEJA KELAS', 'BAIK'),
('INV-MEJA-047', 'MEJA', 'FK002', 'MEJA KELAS', 'BAIK'),
('INV-MEJA-048', 'MEJA', 'FK003', 'MEJA KELAS', 'BARU'),
('INV-MEJA-049', 'MEJA', 'FK001', 'MEJA KELAS', 'BAIK'),
('INV-MEJA-050', 'MEJA', 'FK004', 'MEJA KELAS', 'BARU'),
('INV-MEJA-051', 'MEJA', 'FK001', 'MEJA KELAS', 'BAIK'),
('INV-MEJA-052', 'MEJA', 'FK001', 'MEJA KELAS', 'PERLU PERBAIKAN'),
('INV-MEJA-053', 'MEJA', 'FK006', 'MEJA KELAS', 'BAIK'),
('INV-MEJA-054', 'MEJA', 'FK002', 'MEJA KELAS', 'PERLU PERBAIKAN'),
('INV-MEJA-055', 'MEJA', 'FK002', 'MEJA KELAS', 'BAIK'),
('INV-MEJA-056', 'MEJA', 'FK004', 'MEJA KELAS', 'BARU'),
('INV-MEJA-057', 'MEJA', 'FK001', 'MEJA KELAS', 'BAIK'),
('INV-MEJA-058', 'MEJA', 'FK002', 'MEJA KELAS', 'PERLU PERBAIKAN'),
('INV-MEJA-059', 'MEJA', 'FK003', 'MEJA KELAS', 'PERLU PERBAIKAN'),
('INV-MEJA-060', 'MEJA', 'FK006', 'MEJA KELAS', 'BARU'),
('INV-MEJA-061', 'MEJA', 'FK002', 'MEJA KELAS', 'BAIK'),
('INV-MEJA-062', 'MEJA', 'FK001', 'MEJA KELAS', 'BARU'),
('INV-MEJA-063', 'MEJA', 'FK003', 'MEJA KELAS', 'PERLU PERBAIKAN'),
('INV-MEJA-064', 'MEJA', 'FK005', 'MEJA KELAS', 'BAIK'),
('INV-MEJA-065', 'MEJA', 'FK004', 'MEJA KELAS', 'BARU'),
('INV-MEJA-066', 'MEJA', 'FK002', 'MEJA KELAS', 'PERLU PERBAIKAN'),
('INV-MEJA-067', 'MEJA', 'FK005', 'MEJA KELAS', 'BAIK'),
('INV-MEJA-068', 'MEJA', 'FK001', 'MEJA KELAS', 'PERLU PERBAIKAN'),
('INV-MEJA-069', 'MEJA', 'FK006', 'MEJA KELAS', 'PERLU PERBAIKAN'),
('INV-MEJA-070', 'MEJA', 'FK001', 'MEJA KELAS', 'BARU'),
('INV-MEJA-071', 'MEJA', 'FK003', 'MEJA KELAS', 'BARU'),
('INV-MEJA-072', 'MEJA', 'FK001', 'MEJA KELAS', 'BAIK'),
('INV-MEJA-073', 'MEJA', 'FK005', 'MEJA KELAS', 'PERLU PERBAIKAN'),
('INV-MEJA-074', 'MEJA', 'FK003', 'MEJA KELAS', 'BAIK'),
('INV-MEJA-075', 'MEJA', 'FK001', 'MEJA KELAS', 'BARU'),
('INV-MEJA-076', 'MEJA', 'FK003', 'MEJA KELAS', 'PERLU PERBAIKAN'),
('INV-MEJA-077', 'MEJA', 'FK001', 'MEJA KELAS', 'PERLU PERBAIKAN'),
('INV-MEJA-078', 'MEJA', 'FK002', 'MEJA KELAS', 'BAIK'),
('INV-MEJA-079', 'MEJA', 'FK002', 'MEJA KELAS', 'BARU'),
('INV-MEJA-080', 'MEJA', 'FK006', 'MEJA KELAS', 'BAIK');

-- --------------------------------------------------------

--
-- Table structure for table `data_user`
--

CREATE TABLE `data_user` (
  `nopeg` varchar(6) NOT NULL,
  `nama` varchar(50) NOT NULL,
  `kode_fakultas` varchar(6) NOT NULL,
  `username` varchar(50) NOT NULL,
  `password` varchar(20) NOT NULL
) ENGINE=InnoDB DEFAULT CHARSET=latin1;

--
-- Dumping data for table `data_user`
--

INSERT INTO `data_user` (`nopeg`, `nama`, `kode_fakultas`, `username`, `password`) VALUES
('0', 'admin', '0', 'admin@admin.com', 'admin'),
('10001', 'supegawai1', 'FK006', 'superpegawai1@pegawai.com', '123456'),
('100010', 'supegawai10', 'FK002', 'superpegawai1@pegawai.com', '123465'),
('100011', 'supegawai11', 'FK004', 'superpegawai1@pegawai.com', '123466'),
('100012', 'supegawai12', 'FK006', 'superpegawai1@pegawai.com', '123467'),
('10002', 'supegawai2', 'FK001', 'superpegawai1@pegawai.com', '123457'),
('10003', 'supegawai3', 'FK003', 'superpegawai1@pegawai.com', '123458'),
('10004', 'supegawai4', 'FK001', 'superpegawai1@pegawai.com', '123459'),
('10005', 'supegawai5', 'FK007', 'superpegawai1@pegawai.com', '123450'),
('10006', 'supegawai6', 'FK007', 'superpegawai1@pegawai.com', '123461'),
('10007', 'supegawai7', 'FK005', 'superpegawai1@pegawai.com', '123462'),
('10008', 'supegawai8', 'FK005', 'superpegawai1@pegawai.com', '123463'),
('10009', 'supegawai9', 'FK005', 'superpegawai1@pegawai.com', '123464');

-- --------------------------------------------------------

--
-- Table structure for table `fakultas`
--

CREATE TABLE `fakultas` (
  `kode_fakultas` varchar(6) NOT NULL,
  `nm_fakultas` varchar(15) NOT NULL
) ENGINE=InnoDB DEFAULT CHARSET=latin1;

--
-- Dumping data for table `fakultas`
--

INSERT INTO `fakultas` (`kode_fakultas`, `nm_fakultas`) VALUES
('0', 'All Fakultas'),
('FK001', 'ekonomi'),
('FK002', 'fad'),
('FK003', 'fisip'),
('FK004', 'hukum'),
('FK005', 'ilmu komputer'),
('FK006', 'pertanian'),
('FK007', 'teknik');

--
-- Indexes for dumped tables
--

--
-- Indexes for table `data_inv`
--
ALTER TABLE `data_inv`
  ADD PRIMARY KEY (`kode_inv`);

--
-- Indexes for table `data_user`
--
ALTER TABLE `data_user`
  ADD PRIMARY KEY (`nopeg`),
  ADD KEY `userTofakultas` (`kode_fakultas`);

--
-- Indexes for table `fakultas`
--
ALTER TABLE `fakultas`
  ADD PRIMARY KEY (`kode_fakultas`);

--
-- Constraints for dumped tables
--

--
-- Constraints for table `data_user`
--
ALTER TABLE `data_user`
  ADD CONSTRAINT `userTofakultas` FOREIGN KEY (`kode_fakultas`) REFERENCES `fakultas` (`kode_fakultas`);
COMMIT;

/*!40101 SET CHARACTER_SET_CLIENT=@OLD_CHARACTER_SET_CLIENT */;
/*!40101 SET CHARACTER_SET_RESULTS=@OLD_CHARACTER_SET_RESULTS */;
/*!40101 SET COLLATION_CONNECTION=@OLD_COLLATION_CONNECTION */;
